0.56761,0.00000,0.00000,-1.08983,0.00000,0.00000,0.00000,0.00000,0.00000,-0.87326,0.00000,0.00000,0.00000,-0.28167,0.00000,0.00000,0.00000,0.00000,0.00000,0.00000,-0.14337,0.08147,0.00000,-1.71530,0.19910,0.00000
0.75345,0.00000,0.00000,-1.46717,0.00000,0.11918,1.72308,0.00000,0.00000,0.00000,0.00000,0.00000,-1.92046,0.00000,0.00000,0.93035,1.59682,0.42356,0.00000,0.00000,0.75750,0.70613,0.00000,0.00000,0.77841,0.00000
0.75149,1.31868,0.82252,0.00000,0.00000,0.00000,0.00000,-0.94821,0.00000,1.00496,-0.65982,-0.25544,0.00000,0.28065,0.00000,0.52983,0.00000,0.00000,0.00000,-0.17368,1.33525,0.78460,0.00000,-1.28381,-1.43788,0.00000
0.76987,0.00000,0.00000,-0.04362,0.00000,0.00000,0.09589,-1.03490,0.00000,0.00000,0.00000,0.00000,0.65114,0.00000,0.00000,1.53191,0.00000,0.06659,0.00000,0.00000,0.00000,0.00000,1.20936,0.00000,0.00000,0.00000
0.61810,0.00000,1.14354,0.00000,0.00000,1.72463,0.00000,0.00000,0.00000,0.00000,0.00000,0.00000,0.15109,0.95844,-0.07807,0.00000,1.44330,0.72133,0.00000,0.00000,0.00000,0.00000,0.00000,0.00000,1.22375,-0.09439
0.61745,0.00000,0.00000,0.00000,0.00000,0.00000,1.62916,0.00000,0.00000,1.50215,0.00000,0.00000,0.00000,-1.38218,0.00000,0.00000,0.00000,0.00000,1.88595,0.00000,0.00000,0.00000,1.79322,-1.71379,0.00000,1.56694
0.61779,0.00000,0.00000,0.00000,0.00000,1.14955,0.00000,-1.50663,1.96364,0.00000,1.91978,0.00000,0.00000,0.00000,0.00000,0.00000,-1.72599,0.00000,0.54080,0.00000,-1.78815,1.12289,0.00000,-1.18078,0.00000,0.57984
0.56346,0.00000,0.00000,0.00000,0.00000,1.31387,0.00000,0.00000,0.00000,-1.98021,0.00000,0.00000,0.00000,0.52976,0.00000,0.00000,0.00000,0.69403,-1.98875,0.99351,-1.78423,0.08738,0.00000,0.00000,1.12357,0.00000
0.61659,0.71238,0.00000,0.00000,0.00000,1.12439,-1.51073,0.00000,1.74864,0.00000,0.51005,-1.95886,0.00000,0.00000,0.41401,0.00000,0.00000,-0.49180,0.00000,0.00000,1.28528,1.92302,-0.78793,0.41625,-1.63417,0.62677
0.62202,0.01008,0.00000,0.00000,-1.14922,1.27995,0.00000,0.38833,0.00000,0.00000,0.00000,1.50058,1.74945,0.00000,0.00000,1.86069,0.00000,0.00000,0.00000,-1.27446,0.00000,0.44174,0.00000,-0.00262,0.00000,0.00000
0.28572,-0.49211,0.00000,-1.56755,-0.92564,0.00000,0.00000,0.00000,0.00000,-1.22072,0.00000,0.00000,0.24118,0.00000,0.00000,0.00000,0.30074,0.00000,0.00000,0.00000,0.00000,0.49152,0.00000,0.00000,-0.91786,0.00000
0.61363,0.00000,0.00000,-0.84167,0.00000,0.00000,0.00000,0.00000,-0.80569,0.00000,1.28811,0.00000,0.00000,1.28042,0.00000,-0.43900,0.00000,-1.62996,0.00000,0.00000,0.00000,0.28805,0.99417,0.00000,0.00000,1.92947
0.67807,0.00000,0.00000,-0.23319,0.00000,0.00000,0.00000,0.00000,-0.69729,0.00000,0.00000,0.23519,0.00000,0.00000,-1.47187,0.02416,0.00000,0.00000,0.14909,0.00000,0.00000,-0.38954,0.00000,0.00000,1.48525,-0.30982
0.41526,0.00000,0.00000,0.00000,0.00000,0.00000,1.94566,-0.91454,0.00000,0.00000,0.00000,0.00000,0.00000,-1.89358,0.05026,-0.24064,-1.82318,-1.84075,-1.01809,0.44623,0.00000,1.51286,0.00000,0.00000,0.00000,0.02542
0.75647,0.00000,1.76566,0.00000,0.00000,0.88059,0.36129,0.00000,0.00000,0.00000,0.00000,0.00000,0.00000,0.00000,-0.12157,0.37104,0.00000,0.00000,0.00000,0.56735,1.00650,0.18394,-0.75572,-1.01942,0.00000,0.00000
0.68220,0.00000,0.00000,0.00000,0.00000,0.00000,0.00000,-1.92963,1.38674,-0.89046,1.47079,0.00000,0.00000,1.91916,0.00000,1.33013,-1.59008,0.00000,-1.92873,0.00000,-0.06370,0.60028,0.00000,0.00000,0.00000,0.00000
0.61573,1.70766,1.34622,-1.12624,0.00000,0.00000,-1.81908,0.00000,0.00000,0.00000,0.00000,-1.08361,0.00000,0.00000,-0.12086,-1.60196,1.44314,-1.69120,0.00000,0.00000,0.00000,1.99955,0.00000,1.50156,0.00000,1.52177
0.55380,0.00000,-1.60875,-1.61712,0.07850,0.00000,0.00000,1.79439,0.00000,0.00000,0.00000,0.00000,0.00000,0.00000,0.07410,-1.22990,0.00000,0.00000,0.00000,0.64095,0.00000,1.16202,0.00000,-0.72435,0.00000,1.04496
0.61720,0.00000,1.71722,0.00000,1.68341,0.00000,0.00000,-0.28490,0.00000,-0.09287,-0.45767,-0.00525,0.00000,0.54333,0.00000,1.34126,-0.15790,-0.12445,0.00000,0.00000,-1.23007,0.89512,-1.60056,1.23267,0.90373,-0.11875
0.55425,0.00000,-0.01433,0.00000,1.28660,0.77761,0.00000,0.00000,-0.50462,0.00000,0.00000,0.00000,0.00000,0.00000,0.00000,-0.41093,0.00000,-1.89112,-0.58198,0.00000,0.00000,1.26627,0.00000,1.06073,0.00000,0.00000
0.74615,0.00000,0.00000,0.00000,0.00000,0.00000,1.36627,0.51217,0.00000,0.00000,0.00000,1.99354,1.44253,0.36853,0.00000,1.12122,-1.19302,0.00000,1.16667,-1.59485,0.00000,0.99870,0.00000,0.00000,-1.15863,0.00000
0.62050,0.00000,0.00000,-0.85878,0.00000,0.84906,-1.16674,0.00000,-1.09812,0.00000,0.03524,0.89487,1.72958,0.00000,1.26799,0.00000,0.00000,-1.33695,0.00000,-0.22969,0.00000,0.00000,0.00000,1.60235,0.00000,0.38474
0.69723,0.00000,0.00000,1.26815,-1.78185,0.00000,1.90622,0.00000,-0.07996,0.00000,0.00000,0.00000,1.53481,0.00000,0.00000,-1.63237,1.72596,0.00000,0.00000,-1.69039,1.66142,1.05357,0.00000,0.00000,0.30964,0.00000
0.73258,0.00000,-0.08854,0.00000,-0.88476,0.00000,0.00000,1.12645,0.00000,0.39254,0.00000,0.00000,-1.23452,-1.32549,0.00000,0.26342,0.00000,-1.98853,1.58963,-1.34773,0.00000,1.49139,0.36478,-1.30474,0.00000,0.00000
0.47711,0.00000,1.23053,1.77006,0.00000,0.00000,0.00000,0.00000,0.37803,0.00000,0.00000,0.00000,0.00000,0.00000,0.00000,0.00000,1.14290,0.00000,0.00000,0.00000,-1.35360,1.58862,0.00000,1.62046,0.17354,-1.93768
0.62151,0.00000,0.00000,-0.76060,0.00000,0.00000,1.15797,0.91736,0.00000,0.00000,0.00000,0.00000,0.00000,0.76017,0.00000,0.00000,0.00000,-0.80699,0.00000,0.00000,0.00000,0.29124,0.00000,0.00000,0.75998,0.00000
0.68751,0.00000,0.00000,0.00000,0.00000,0.00000,0.00000,0.00000,-1.81498,1.55828,0.50135,0.00000,-0.81252,0.56649,0.00000,-0.72381,0.26377,-0.91929,-1.88548,0.00000,0.00000,0.00000,0.32867,0.00000,0.00000,-0.71997
0.68598,0.00000,0.00000,0.00000,0.00000,-1.81022,0.92190,0.00000,0.00000,1.01768,0.00000,0.00000,0.00000,0.00000,-0.18510,0.00000,1.72911,0.75822,0.00000,0.00000,0.00000,0.70048,0.48121,0.00000,0.00000,0.00000
0.48330,-0.27756,0.00000,0.00000,1.29338,0.00000,0.00000,0.00000,0.00000,0.00000,0.00000,0.00000,0.39228,-0.96288,0.98175,0.00000,0.00000,0.54383,0.00000,0.00000,0.00000,1.48156,-0.38060,0.00000,0.00000,0.08532
0.62489,0.00000,0.00000,1.51392,-1.83884,0.00000,-0.57678,0.00000,0.00000,1.62340,1.77369,0.28987,0.81825,0.00000,0.19015,0.00000,0.00000,-1.90039,0.00000,-1.04180,-0.49178,0.23396,0.00000,0.00000,0.00000,-1.38290
0.74961,0.00000,1.10785,0.00000,-1.37652,-1.46588,-0.39366,0.00000,0.00000,1.71429,0.00000,1.05741,-1.84787,1.54082,1.50951,1.27730,0.00000,0.00000,0.51237,-1.22590,-0.75089,1.14853,0.00000,0.00000,1.90577,1.47557
0.68897,0.00000,0.00000,0.00000,0.00000,0.00000,0.48756,0.00000,0.00000,0.00000,0.04431,-1.33801,0.00000,-0.97237,-1.53451,-1.08026,0.00000,1.66045,0.00000,0.00000,0.00000,0.00000,0.00000,-1.74935,1.30962,0.00000
0.57030,0.00000,0.00000,0.00000,0.45506,-0.85433,0.11613,-0.74661,0.00000,0.00000,0.00000,0.00000,0.00000,0.00000,0.00000,-0.58018,0.00000,0.00000,0.00000,1.98295,0.00000,0.00000,0.88993,0.16366,0.00000,0.00000
0.62335,0.12527,0.72617,1.60460,1.43312,0.00000,0.00000,0.00000,0.00000,0.44809,0.00000,0.54607,0.00000,-0.56484,-0.95488,0.00000,0.00000,-0.08311,0.00000,0.00000,0.00000,0.16809,-1.93611,-1.13556,1.81447,0.00000
0.68166,0.00000,1.40922,0.00000,0.00000,0.53242,1.85411,1.72227,0.00000,0.00000,1.40150,1.25897,-0.88461,0.00000,0.00000,-1.04501,0.00000,0.00000,-0.16117,0.23762,0.00000,0.29790,0.00000,0.00000,-1.04258,0.89162
0.48744,-0.35602,0.00000,0.00000,0.29857,0.00000,0.00000,0.00000,-0.13853,1.26525,0.00000,1.78059,0.71782,0.00000,0.00000,1.26924,-0.14211,0.00000,0.00000,0.00000,0.00000,1.76688,0.00000,-0.14732,0.00000,0.00000
0.61937,0.87599,0.00000,-0.92547,-0.95983,0.00000,-1.97314,0.00000,0.00000,0.00000,0.00000,1.07652,0.00000,-0.63188,-1.28394,0.00000,0.00000,0.00000,0.00000,0.00000,0.00000,1.40910,0.00000,0.00000,0.00000,1.00874
0.57684,0.00000,0.00000,0.00000,0.00000,-0.28667,1.67083,0.00000,0.14253,0.00000,-0.63502,0.00000,0.00000,0.00000,-1.25217,1.42126,0.00000,0.00000,0.00000,0.00000,1.38970,0.57417,-1.23123,0.00000,0.00000,0.00000
0.55229,0.72463,-1.14985,1.16642,0.00000,-0.42114,0.00000,-1.32563,1.78401,1.29792,0.00000,-1.90978,0.00000,0.00000,0.00000,0.00000,0.00000,-1.64686,0.00000,0.00000,0.00000,0.52617,0.00000,0.00000,-0.48663,1.23102
0.68840,0.00000,-1.73381,0.00000,0.00000,0.00000,0.00000,0.87071,1.12295,0.00000,-0.82375,0.96687,0.00000,0.34905,0.00000,0.00000,0.00000,0.00000,0.00000,-0.19929,0.00000,0.17056,0.00000,0.00000,0.00000,0.00000
0.55465,-1.84289,-1.17258,-1.74017,0.00000,1.80614,-1.18514,1.70503,1.64048,0.00000,0.16954,-1.57696,0.00000,0.00000,0.00000,-0.99492,0.00000,0.00000,0.00000,0.00000,0.00000,1.55165,-1.42132,-0.08138,0.88865,0.00000
0.68555,0.00000,0.04292,0.00000,0.00000,-1.17328,0.00000,0.00000,0.00000,0.00000,0.00000,0.89946,0.00000,0.00000,0.00000,-0.88719,0.00000,0.00000,1.79185,1.11412,1.98809,1.46938,0.86978,0.00000,-0.46822,0.00000
0.68515,0.00000,0.00000,-1.38017,1.30799,-0.60291,0.94794,0.00000,1.09746,0.00000,0.00000,0.00000,-0.88954,0.00000,0.00000,0.00000,1.83291,0.00000,0.00000,-1.25087,-0.46428,1.31290,0.00000,0.00000,0.00000,-1.03582
0.68389,-0.74882,0.00000,0.00000,0.00000,-1.83991,0.00000,0.00000,0.00000,0.00000,0.00000,0.00000,0.00000,0.00000,0.42395,0.00000,1.54000,1.75462,-0.11776,0.00000,-1.99981,-0.27913,0.00000,1.61944,0.00000,0.10472
0.68519,-1.24110,0.00000,0.00000,0.03031,1.00428,0.00000,0.00000,-1.64132,0.00000,0.19343,0.63276,0.00000,1.12356,-0.76083,0.00000,1.21317,0.00000,0.00000,1.29759,-0.42131,0.00000,0.00000,0.38705,0.00000,0.00000
0.68444,0.00000,0.00000,0.00000,1.19874,0.00000,0.00000,0.00000,-1.40439,-0.89249,0.00000,0.79285,0.00000,0.00000,0.00000,0.00000,0.03405,0.00000,0.93618,0.00000,-1.11227,0.00000,0.00000,1.09374,0.00000,-0.29927
0.62343,0.00000,1.99902,0.00000,0.00000,0.00000,-0.16100,0.00000,1.39540,0.00000,0.00000,0.00000,-0.40161,0.00000,0.00000,0.00000,1.59062,0.00000,1.67089,-1.77892,0.00000,0.00000,0.00000,0.00000,0.97084,0.37804
0.62097,0.43755,0.25269,0.63371,0.00000,0.20782,0.00000,0.00000,0.00000,-1.43428,0.00000,0.00000,-1.45248,0.62894,-0.47019,-1.81792,0.00000,0.20675,0.00000,0.00000,0.24759,1.90973,0.00000,0.00000,-0.72017,0.00000
0.62383,0.00000,0.00000,0.85802,0.00000,0.18775,0.00000,1.29629,-1.60020,0.00000,0.00000,0.88741,1.86493,-1.02640,0.00000,0.00000,0.00000,0.00000,-0.61253,0.00000,0.00000,1.01160,0.00000,0.00000,0.00000,-0.18913
0.50597,0.00000,0.00000,-1.61990,0.00000,0.00000,0.04812,0.00000,-0.01804,0.00000,0.00000,-0.58227,0.00000,0.00000,0.00000,0.00000,0.00000,0.00000,0.34690,0.00000,-1.86419,1.38383,1.27635,0.00000,1.66028,0.00000
0.46662,0.00000,0.52605,1.74155,0.00000,0.00000,0.00000,0.00000,-0.78254,0.58221,0.00000,0.00000,0.00000,0.00000,-1.69991,0.00000,0.00000,0.00000,0.00000,1.05871,0.00000,1.25533,0.00000,0.00000,-1.03840,-0.63469
0.62996,0.00000,-1.02547,0.00000,0.00000,-1.15495,0.00000,0.00000,-1.43588,-1.04388,0.00000,-1.32695,0.00000,0.00000,-1.36771,-0.26930,0.24413,0.45673,0.00000,0.08725,0.00000,0.00000,0.08346,0.36133,0.71191,0.00000
0.61340,1.53997,1.19352,-1.47264,0.00000,-1.70490,0.29225,-0.04963,0.00000,0.00000,0.00000,1.11660,0.00000,0.00000,0.00000,0.00000,-0.44694,0.44108,0.00000,-1.05246,0.00000,1.43003,0.60830,0.00000,0.00000,-0.05457
0.39209,0.00000,0.00000,0.00000,0.06063,0.00000,0.00000,-0.74610,0.00000,0.00000,0.00000,0.00000,0.19446,-0.91528,0.00000,-1.61913,0.00000,-1.54618,0.14296,-1.92567,0.00000,1.54896,0.00000,-1.05116,1.53470,0.00000
0.51923,0.00000,0.00000,0.00000,0.00000,0.00000,1.94191,0.00000,0.00000,0.75720,1.36531,1.38075,0.00000,0.00000,0.14027,0.00000,0.00000,0.00000,0.00000,0.00000,0.00000,0.51340,0.00000,-1.78030,0.00000,1.11366
0.38412,0.00000,-1.90539,0.00000,0.17284,0.00000,0.00000,-1.34262,0.00000,0.00000,-1.30388,0.00000,0.00000,0.00000,0.00000,0.00000,-0.50675,0.00000,0.00000,0.00000,-1.73048,0.77840,0.00000,0.00000,0.00000,0.00000
0.68050,0.00000,0.00000,0.00000,-0.30455,0.00000,0.00000,0.00000,-0.11366,-1.08628,0.00000,-0.53646,0.00000,0.00000,-0.29905,0.87663,0.00000,-1.24874,0.08281,0.00000,0.00000,1.97662,-0.53336,0.00000,1.34557,-0.33437
0.43599,0.00000,0.00000,0.00000,0.00000,0.00000,0.00000,0.00000,-1.75556,0.00000,0.00000,0.67638,0.00000,1.52240,-1.31786,0.25808,1.05834,-0.12812,0.00000,0.00000,-1.52989,-1.54979,0.04225,0.00000,0.16146,-0.84422
0.68294,0.00000,0.00000,0.15491,-1.54528,0.00000,0.43861,0.00000,1.78361,1.33075,0.00000,0.00000,1.65896,0.00000,0.00000,0.00000,0.00000,-1.55861,0.87772,0.00000,0.00000,0.00000,1.83457,0.15328,0.00000,0.00000
0.54722,0.00000,0.45996,0.00000,-0.97026,0.00000,-0.72283,-1.54145,1.34321,0.00000,0.00000,-1.33509,-0.81242,1.71165,0.00000,0.00000,0.00000,0.00000,0.00000,-1.39870,0.00000,0.19955,-0.94497,0.00000,0.00000,1.49874
0.38561,0.00000,0.00000,0.00000,0.00000,-0.87507,0.00000,0.00000,-1.11470,1.51126,0.00000,0.00000,0.00000,-0.80625,0.00000,0.00000,0.00000,0.00000,0.00000,-0.89206,0.00000,0.81652,0.00000,0.55416,-1.47250,0.00000
0.74884,0.32773,-1.85232,0.00000,1.08675,0.00000,0.00000,-1.48968,1.95691,1.85178,0.00000,1.28687,1.95198,0.00000,0.00000,0.55125,0.97720,0.00000,0.00000,1.91184,0.23825,0.59826,1.96617,0.00000,0.75639,0.00000
0.55104,1.43560,0.00000,0.00000,0.00000,0.00000,0.00000,-0.45125,-0.53877,1.90935,0.00000,0.00000,1.16641,0.00000,0.00000,-0.72192,-1.46047,0.00000,0.00000,0.96248,0.46716,1.19885,-1.56759,-1.43187,-1.36990,0.00000
0.68465,0.00000,0.00000,0.00000,0.00000,0.00000,0.00000,0.00942,-1.87314,0.00000,0.00000,0.81112,-1.43160,0.00000,0.00000,0.00000,1.38916,-0.80398,0.00000,0.00000,1.07894,0.00000,0.00000,0.40124,0.00000,1.15562
0.68383,0.00000,0.00000,-1.62281,0.00000,0.00000,0.00000,-0.49976,-0.19551,1.14479,-1.95072,0.31314,0.00000,0.00000,0.81136,0.00000,0.80983,0.00000,0.00000,0.00000,0.00000,0.54710,-0.07633,0.00000,0.00000,1.43947
0.63647,0.00000,-0.18499,0.00000,-0.41391,0.00000,1.84875,0.00000,0.00000,0.00000,0.16991,0.00000,-1.96448,0.00000,-1.48971,0.00000,0.00000,0.00000,0.00000,0.00000,0.62821,1.15664,0.00000,0.00000,0.03865,0.00000
0.61988,0.26320,0.00000,0.25562,0.74081,0.00000,0.00000,0.00000,0.00000,0.00000,1.34570,-1.70122,0.00000,0.00000,-1.69103,1.02568,0.00000,0.00000,0.00000,0.14894,0.00000,0.65315,0.00000,-0.38350,-0.43888,-1.78376
0.55313,0.27399,-1.08670,-0.69907,-1.02542,0.00000,0.00000,0.00000,-0.12063,0.00000,0.00000,0.00000,-0.13629,0.00000,0.00000,-1.68219,0.00000,0.00000,0.00000,0.00000,0.00000,0.96542,0.00000,0.46970,0.96974,1.12900
0.73956,0.00000,0.00000,0.00000,0.82040,0.53415,0.00000,0.00000,0.27639,-1.27382,0.00000,0.47525,0.17536,0.17311,1.91827,0.00000,0.00000,0.00000,0.00000,0.00000,1.79290,-0.63179,0.26680,0.24955,1.04174,0.00000
0.62297,0.00000,0.47244,1.87195,0.50105,0.00000,0.52489,0.00000,-0.64113,0.82858,0.00000,0.00000,0.00000,0.00000,0.00000,0.00000,-0.61197,0.00000,0.00000,0.00000,0.00000,1.69320,0.00000,-1.14460,-1.83745,0.00000
0.62329,0.76646,1.90595,0.00000,1.48159,0.00000,0.00000,-1.15998,-0.39952,-1.20982,-0.09566,0.00000,1.25361,0.00000,0.00000,0.09140,-1.91795,0.00000,0.00000,-1.09490,-1.52429,0.29553,0.00000,0.00000,0.00000,0.00000
0.68302,0.00000,-0.98444,0.00000,1.91715,0.00000,1.24153,0.00000,0.00000,0.00000,0.84575,-1.36041,-1.54772,0.27811,0.00000,0.00000,1.60581,1.30033,0.00000,0.00000,0.00000,0.00000,0.31935,0.00000,0.92400,-1.32577
0.58109,0.00000,0.00000,0.00000,-1.10747,0.00000,0.00000,0.00000,-0.10258,0.00000,0.00000,1.60533,0.00000,0.00000,1.89699,0.00000,0.00000,-1.71530,0.00000,0.00000,0.00000,0.00000,0.62126,1.78004,0.00000,0.00000
0.74810,0.00000,1.74762,0.81581,0.00000,0.74807,0.89028,1.81449,0.14809,0.00000,0.00000,1.13457,1.19923,0.50785,0.00000,0.00000,1.80027,1.25077,0.87731,-0.69406,1.83322,0.00000,0.00000,1.42582,1.97376,0.00000
0.61658,0.59435,1.96913,0.00000,1.34382,-1.14568,1.60042,-0.01266,0.00000,0.00000,0.00000,-1.65992,-1.56730,0.00000,0.00000,1.52722,0.00000,-0.40305,0.00000,0.00000,0.00000,0.79401,0.00000,0.00000,0.00000,0.00000
0.48472,0.00000,0.00000,0.00000,0.00000,-1.42999,-0.53249,0.00000,0.00000,0.00000,-0.30397,0.00000,0.00000,0.00000,0.00000,-1.56205,-1.48431,0.00000,0.00000,0.00000,0.00000,1.42424,0.00000,0.00000,0.98476,-1.80505
0.68371,0.00000,0.00000,1.00420,0.00000,0.00000,-0.34328,1.49667,1.86863,0.00000,1.58403,0.00000,0.00000,0.00000,0.00000,0.00000,1.78476,0.00000,0.00000,0.00000,0.00000,1.67641,0.00000,0.92721,1.94803,0.00000
0.67319,1.28811,-0.82116,0.33798,0.46804,0.00000,0.88172,0.00000,0.00000,1.25832,0.00000,-0.62396,0.00000,0.56342,0.00000,-1.31777,1.91437,0.00000,0.56163,0.00000,0.00000,-0.78599,0.81892,0.00000,0.18705,0.00000
0.55052,0.00000,-0.36774,-0.57780,0.00000,0.00000,-1.93080,0.00000,0.00000,0.00000,0.00000,-0.23782,-0.35659,0.00000,0.00000,0.00000,0.00000,0.00000,0.00000,0.00000,0.00000,1.40044,0.00920,0.00000,0.00000,1.63984
0.68297,0.49076,-0.05298,-1.98613,0.00000,0.00000,1.19513,0.00000,-1.71621,0.00000,0.36862,0.00000,-0.38231,-0.94693,-0.53618,0.00000,1.73327,-1.87965,0.00000,0.00000,0.00000,0.38931,0.34925,0.00000,0.00000,0.00000
0.56588,0.00000,-0.57096,1.18462,0.00000,0.00000,0.00000,1.65086,1.21542,0.00000,0.00000,0.00000,0.00000,0.00000,-1.92906,-0.06953,0.00000,1.98464,1.30628,0.83461,-1.96165,0.09000,-0.02072,1.76407,0.00000,0.00000
0.68318,0.00000,0.00000,-0.94360,0.00000,0.00000,0.00000,-1.42831,1.92799,0.09603,0.00000,-0.02460,0.00000,0.00000,0.00000,0.36664,0.00000,0.00000,0.00000,0.00000,0.00000,1.96624,1.82411,0.00000,0.00000,1.65563
0.55175,0.80204,1.11404,1.30648,0.00000,0.73829,0.00000,0.00000,0.00000,0.00000,-0.21766,0.00000,0.00000,-0.60930,1.04671,-1.52777,0.00000,0.62993,1.26871,-0.38020,0.00000,1.50538,0.00000,0.57156,0.44663,-0.76640
0.75401,0.00000,-0.19028,1.27706,1.36803,-1.10388,0.98745,1.62588,0.00000,-1.39117,0.00000,0.14878,-1.72514,0.00000,0.00000,-1.63965,0.05552,1.93732,0.00000,0.00000,0.00000,0.00000,0.00000,0.00000,0.23472,0.00000
0.68360,1.30151,1.65371,-1.23875,0.00000,0.00000,0.00000,0.00000,0.00000,-1.04740,1.75750,-1.97976,0.20790,0.00000,0.00000,-1.88208,0.11437,-1.38593,-0.21758,0.00000,-0.98723,0.78031,-0.08997,0.00000,1.99869,-1.37036
0.39217,0.00000,0.00000,0.00000,-1.26353,0.00000,0.00000,-1.29915,0.00000,0.60192,-0.64567,0.00000,0.00000,0.00000,-0.41440,0.00000,0.00000,0.00000,0.00000,0.11859,-1.93063,1.33169,-1.01037,0.00000,0.63450,0.00000
0.69775,0.00000,-0.23166,-0.29524,0.00000,0.00000,1.78407,-0.91394,0.00000,0.00000,0.00000,0.00000,1.77757,0.00000,-1.85494,0.00000,0.00000,0.00000,1.44712,0.00000,-0.56403,-1.03934,0.00000,0.13512,0.85090,0.00000
0.56106,0.01401,0.00000,1.71246,0.86588,1.48766,0.00000,0.00000,0.00000,0.00000,-1.40717,-1.83718,-0.06825,-0.95477,0.00000,0.00000,-0.25152,0.00000,0.00000,0.00000,0.00000,0.67587,0.00000,0.00000,0.00000,-1.52839
0.68487,0.00000,0.00000,-0.34140,0.00000,0.00000,0.08466,-0.08523,-1.34191,1.50745,0.00000,1.17302,0.00000,0.42991,-0.35991,0.00000,-1.79996,-1.53643,0.00000,0.00000,0.00000,0.00000,1.71755,1.41712,0.00000,0.00000
0.54830,0.00000,0.00000,0.00000,0.00000,0.00000,0.00000,-1.57654,0.00000,-1.89850,0.00000,0.00000,1.36679,0.00000,0.00000,0.00000,-0.18732,-0.02937,0.51571,0.00000,0.00000,0.52663,0.00000,0.61815,1.70328,-1.74636
0.36229,0.00000,0.00000,-0.80049,0.00000,0.00000,1.13822,0.00000,-0.12889,-0.59313,0.00000,0.00000,-0.59202,0.50258,0.00000,-1.91677,0.00000,0.39136,0.00000,-0.46316,0.00000,-0.34196,0.00000,-0.69009,0.69211,-1.04200
0.68535,0.00000,1.74212,-0.14046,-1.19424,0.00000,0.00000,0.43315,0.00000,-0.34829,0.00000,1.35348,0.83313,0.00000,-0.44083,0.00000,0.66830,0.00000,1.57251,1.09391,0.00000,0.15898,-0.92190,1.68709,0.00000,0.00000
0.39104,0.00000,-0.24692,-1.18343,0.00000,0.00000,-0.47248,0.00000,1.16039,0.00000,0.00000,0.00000,0.00000,-0.04544,1.41004,0.00000,0.00000,1.78500,0.00000,0.49184,0.00000,1.89163,0.00000,-0.37086,-0.99374,0.00000
0.38576,-0.16625,0.00000,0.00000,1.27288,-1.63277,0.00000,0.00000,1.48486,0.00000,0.00000,0.00000,0.00000,-1.70637,0.00000,0.00000,0.00000,0.00000,-0.09018,-1.22472,0.00000,0.82087,0.00000,0.00000,0.00000,0.00000
0.55939,-0.94483,0.00000,1.77818,0.00000,0.81707,0.00000,0.00000,0.00000,0.00000,0.00000,-0.62360,-0.54857,0.00000,-1.90940,0.00000,0.00000,-1.45181,0.00000,-1.56802,0.00000,1.10324,-0.10811,-0.90139,-1.46158,0.00000
0.68299,-1.60837,0.00000,-0.27554,0.00000,0.00000,0.00000,0.00000,0.00000,1.41685,0.00000,-1.61757,0.00000,1.50312,0.05433,-1.18831,1.29011,0.91316,-1.38914,1.52591,-0.85388,0.00000,0.00000,0.00000,0.65018,0.00000
0.39178,0.00000,-1.01320,0.00000,0.00000,0.00000,0.00000,0.00000,0.00000,1.06414,-1.40775,0.00000,0.64217,-0.18173,0.00000,-0.78679,0.00000,-0.90277,1.75827,-1.44138,0.00000,1.20092,0.00000,-1.05511,1.87649,0.00000
0.74715,0.00000,0.00000,0.32138,0.00000,-0.39847,0.44343,0.00000,0.00000,-1.07567,0.00000,0.32558,0.00000,0.00000,1.56649,0.00000,0.10181,0.00000,0.27819,-1.40055,0.00000,0.00000,1.33968,1.91854,0.00000,0.00000
0.50208,0.25114,0.00000,0.00000,-1.98659,0.00000,-1.28818,1.32844,-0.14031,0.00000,0.00000,1.74435,-0.34257,0.00000,0.00000,-1.01720,0.00000,0.00000,0.00000,-1.58868,0.51131,1.43961,1.40557,1.82683,-0.23689,0.00000
0.69588,0.00000,1.48783,0.00000,0.00000,-0.39046,0.00000,0.15624,0.00000,-0.17027,0.00000,0.25671,0.00000,0.00000,-0.51714,1.11688,-1.38420,0.00000,0.53910,-0.24184,0.76026,0.00000,0.00000,0.58707,0.00000,0.00000
0.76288,0.00000,-1.69018,0.00000,-1.74031,0.00000,-0.29696,0.00000,1.23206,0.00000,0.00000,0.63404,-1.38581,-1.82996,0.00000,-1.42273,0.00000,0.60021,0.00000,0.00000,0.54464,0.00000,0.67088,0.00000,0.00000,0.00000
0.39207,-1.97080,0.00000,0.00000,0.00000,-0.15031,-1.07484,0.00000,-1.10757,0.00000,-1.54000,0.00000,1.39826,-1.14165,0.94284,0.00000,-0.75292,-0.51162,-0.42090,0.00000,-1.72327,1.56340,0.22344,0.00000,1.66868,0.00000
0.39065,-0.84014,1.75362,0.00000,0.00000,0.00000,0.00000,0.89149,0.00000,0.00000,0.00000,0.00000,0.00000,-1.04383,0.00000,0.00000,0.00000,0.00000,0.00000,0.00000,0.00000,1.98417,1.10198,0.00000,-0.52573,0.00000
0.68071,0.00000,0.56235,0.00000,0.00000,0.00000,0.00000,1.46838,0.00000,0.00000,0.30474,1.80122,0.00000,0.00000,-1.99490,0.00000,0.00000,0.00000,0.00000,-1.63644,0.00000,1.47701,-1.95890,0.00000,0.00000,-1.33725
0.69073,0.00000,0.00000,0.00000,0.00000,0.00000,0.00000,0.00000,0.69449,-1.93538,0.00000,1.55886,1.69183,-0.98347,0.00000,0.00000,0.00000,-1.48233,0.00000,0.00000,0.14796,-0.57853,0.00000,0.43075,-0.31322,0.00000
0.75638,-1.91114,-0.82453,1.91905,0.00000,0.00000,0.00000,0.00000,0.25738,0.00000,0.00000,-1.93477,0.00000,0.00000,0.00000,1.23143,0.37190,0.00000,-1.56114,0.00000,0.00000,1.61302,0.71581,0.00000,0.54176,0.00000
0.41083,0.00000,0.66220,0.00000,-0.03831,0.00000,0.00000,0.00000,-0.90424,0.00000,0.00000,0.89188,0.00000,-0.56262,0.00000,0.00000,-0.72223,0.00000,-1.92261,-1.65112,-0.49986,1.95275,0.00000,-0.08831,0.00000,0.00000
0.75053,0.00000,-1.74296,1.85932,0.00000,0.31480,1.54990,0.00000,0.00000,1.37626,0.00000,-1.61687,-1.46647,0.00000,1.99081,0.00000,0.00000,0.00000,0.00000,1.20210,0.31154,0.00000,0.97209,-0.61832,0.00000,0.00000
0.75590,0.00000,0.00000,0.00000,0.60409,1.35840,0.60318,0.00000,-1.75191,0.00000,0.34981,0.59798,-1.05985,0.00000,0.00000,0.00000,1.02251,0.00000,0.00000,0.00000,0.00000,0.00000,0.52481,0.00000,0.00000,0.00000
0.63179,0.00000,0.00000,0.00000,0.00000,0.00000,0.00000,-1.97649,0.33897,0.00000,1.88287,0.00000,0.38110,0.00000,0.91571,0.00000,0.00000,-1.60752,0.00000,0.00000,-0.77479,1.52326,0.00000,0.00000,0.00000,0.00000
0.62045,0.00000,0.00000,0.97975,0.00000,1.10827,-1.67504,0.00000,-0.14181,-0.13892,0.00000,-1.32013,0.16707,0.00000,0.00000,1.62000,0.00000,0.00000,0.00000,0.00000,0.00000,0.20579,0.00000,-1.79239,1.85726,0.73827
0.33338,0.00000,1.50729,0.00000,0.73521,0.00000,-1.87824,0.00000,0.00000,0.00000,0.00000,-0.10668,0.00000,0.00000,0.00000,-0.35524,0.00000,0.00000,0.86105,0.00000,0.00000,0.18642,-0.25707,0.00000,1.64530,0.00000
0.62336,-0.53231,-1.46049,-1.55841,0.95786,0.00000,0.00000,0.00000,1.69030,-1.27642,0.00000,-1.45303,0.69907,-0.08754,-1.75339,0.00000,0.65372,0.00000,0.00000,0.17726,0.00000,1.68426,0.00000,0.00000,0.00000,-0.56799
0.61681,0.00000,-0.16807,1.12330,-1.30558,-1.59851,-0.44909,0.96807,0.00000,-1.81075,0.00000,0.00000,0.00000,-1.42127,0.00000,0.00000,0.00000,0.00000,0.00000,1.13129,0.18174,1.87457,-0.43798,0.07894,0.00000,0.00000
0.75064,0.00000,-0.09612,0.00000,0.00000,0.00000,0.00000,0.00000,0.00000,0.00000,1.20858,0.98708,0.00000,-1.79431,0.05230,0.52151,0.00000,-1.26244,1.29917,0.00000,0.00000,1.57772,0.00000,-0.06658,-1.81227,1.56460
0.56235,0.00000,0.22308,0.00000,0.00000,0.00000,0.00000,0.00000,0.00000,0.00000,-0.41990,0.00000,-0.82175,-1.45923,-1.06269,1.72613,0.96540,-1.19187,1.77864,0.00000,1.74402,1.07687,1.93010,0.00000,0.00000,-1.49140
0.45637,0.00000,0.00000,-1.18428,0.00000,0.00000,-0.26103,0.00000,0.00000,0.00000,0.00000,0.00000,0.00000,0.00000,0.00000,0.00000,0.84518,0.00000,0.00000,0.00000,0.00000,1.34940,0.00000,-0.58262,0.00000,0.00000
0.35306,0.00000,0.00000,-1.35895,0.00000,-0.97458,0.00000,0.00000,0.00000,0.00000,-1.05147,0.00000,0.00000,-1.98449,0.00000,0.00000,1.81213,0.00000,0.00000,-1.07213,-0.62347,1.04976,0.00000,0.50931,0.00000,0.00000
0.69272,-0.23421,0.00000,0.26182,0.00000,-1.57231,0.00000,0.00000,-0.38835,0.27802,0.00000,-1.14714,0.00000,-1.83199,0.00000,0.00000,0.51479,1.00902,0.00000,0.00000,0.00000,0.50165,1.14250,0.00000,-1.59691,0.00000
0.74972,0.00000,0.00000,-1.89247,0.00000,0.00000,0.00000,0.00000,-0.79913,1.67957,0.00000,1.83384,-1.34528,1.43983,0.27008,0.00000,0.00000,0.18200,0.74869,1.50782,0.00000,0.00000,0.00000,0.00000,1.97412,0.75982
0.68453,-0.94684,-1.18007,-1.22436,0.00000,0.00000,0.00000,0.92731,0.00000,0.00000,0.00000,0.00000,0.00000,0.00000,1.96032,0.00000,1.63709,-1.12064,1.25995,0.00000,-0.54432,0.00000,-1.93133,1.25979,0.00000,-0.38963
0.33579,0.00000,0.00000,0.00000,0.00000,0.00000,-1.58840,0.00000,0.00000,0.00000,0.00000,0.00000,0.00000,-1.60223,0.46837,0.20158,0.00000,0.00000,0.00000,-1.43098,0.00000,0.26440,0.00000,0.00000,0.00000,0.00000
0.77229,-0.09453,0.00000,-0.82177,-0.75959,0.00000,0.74278,0.00000,0.28636,0.00000,0.00000,0.00000,0.44100,-1.26437,0.00000,-0.43205,0.00000,0.00000,0.69984,0.89470,-0.56607,0.00000,-0.86538,0.00000,0.74238,0.00000
0.75259,0.00000,-0.92911,0.00000,0.00000,0.00000,1.28719,-0.63958,0.00000,0.00000,0.00000,0.00000,0.00000,0.00000,0.00000,1.87730,1.11052,0.00000,1.41469,-1.98409,-1.37073,0.00000,1.27404,0.00000,0.31307,0.00000
0.68231,-0.36072,0.00000,0.00000,-1.85203,0.00000,0.00000,1.90073,1.94447,0.00000,0.80285,0.00000,0.00000,1.73192,-0.64520,0.00000,1.58241,0.88598,0.27054,0.00000,1.94284,1.85266,-1.38290,-0.65894,-0.12609,0.00000
0.65244,0.67851,0.00000,0.00000,0.00000,-1.51053,-0.60662,-0.13643,0.00000,0.50778,0.00000,0.00000,-1.94763,0.00000,0.00000,0.00000,1.75093,0.00000,-1.85210,0.00000,0.00000,0.00000,0.00000,-0.13670,1.29643,0.00000
0.39215,0.00000,-0.33859,0.00000,0.00000,0.00000,-1.11434,-1.08920,0.00000,-0.11600,0.00000,0.00000,0.00000,1.92975,0.00000,0.00000,0.00000,0.00000,0.00000,0.00000,-0.48120,1.31824,0.94131,-0.08473,0.00000,0.00000
0.50012,0.00000,0.00000,0.00000,-0.56035,0.00000,0.00000,0.31613,0.00000,-1.96507,0.00000,0.00000,0.00000,-1.98900,0.21186,0.00000,1.47851,1.13680,-1.89941,0.00000,0.00000,0.00000,1.45840,0.00000,0.18695,0.00000
0.55503,0.88790,-0.05225,-1.69940,0.00000,0.00000,0.00000,0.00000,0.00000,0.00000,0.00000,0.00000,0.00000,0.00000,0.00000,0.00000,0.00000,0.00000,0.00000,-1.61187,0.00000,0.49097,-0.51786,-0.91367,0.00000,0.00000
0.61862,1.05201,0.00000,1.29781,0.00000,-0.65565,0.00000,0.00000,-1.66994,0.48663,0.00000,0.71387,0.00000,0.00000,1.59780,0.00000,-1.94332,0.91542,-0.89509,1.69807,0.00000,1.17123,0.00000,0.00000,0.00000,0.00000
0.68289,1.80829,-0.02399,0.00000,0.00000,0.00000,-1.15014,0.00000,0.00000,0.00000,0.00000,-0.97333,0.00000,0.00000,1.55374,1.37303,0.65834,1.54791,-0.76046,1.02836,0.00000,1.97492,0.85368,0.00000,0.00000,-1.88655
0.68720,0.00000,-1.71732,0.00000,0.00000,-0.93746,0.56874,0.00000,1.46096,0.00000,0.51256,0.00000,0.22575,0.37452,0.00000,0.00000,0.00000,-0.42678,0.00000,1.43624,0.00000,0.00000,0.00000,0.57082,1.72075,0.00000
0.39191,0.00000,1.50338,1.43559,0.00000,0.00000,0.00000,0.35356,0.00000,0.00000,0.00000,0.00000,-1.62578,0.00000,0.00000,0.00000,-0.29182,0.00000,-1.70961,0.00000,0.27545,1.99890,-1.08504,0.00000,-1.84420,0.00000
0.58072,0.00000,0.00000,0.00000,0.00000,-0.43660,-1.91687,0.00000,-0.90450,0.72092,0.00000,0.18115,0.00000,0.00000,0.00000,1.59470,0.00000,0.22865,-1.60361,0.00000,-1.11996,1.55531,0.00000,0.00000,0.00000,0.00000
0.55048,0.00000,0.00000,0.00000,1.61287,0.00000,0.00000,0.00000,0.00000,0.00000,0.16428,0.00000,-0.18474,0.00000,0.00000,0.00000,0.00000,0.00000,0.00000,0.00000,0.00000,1.69576,0.00000,-0.84084,0.00000,0.00000
0.71093,0.00000,0.00000,0.00000,0.00000,0.00000,0.59577,0.00000,0.83085,0.00000,0.00000,1.94584,0.00000,0.00000,-0.71311,0.00000,-1.80872,1.00090,-1.43346,-1.77638,0.00000,-0.67482,0.00000,0.00000,0.46228,-0.90526
0.70445,0.00000,1.97436,0.00000,0.00000,1.41584,0.00000,0.00000,0.00000,-1.10940,0.00000,0.00000,-0.79196,0.00000,0.40872,0.00000,0.84101,0.00000,-0.38917,-0.97559,0.00000,-0.83650,0.73843,1.04951,0.00000,0.00000
0.75414,0.00000,0.26402,0.00000,0.99489,0.00000,0.00000,0.00000,-1.92547,0.16565,0.97282,0.00000,0.00000,0.00000,0.10445,1.38030,0.56995,0.00000,0.12842,0.00000,0.36673,0.99415,0.00000,-0.83180,1.43676,-1.69750
0.61717,-0.47161,-1.96273,0.00000,-0.15525,-0.07360,0.00000,0.00000,0.00000,0.00000,-0.16589,0.00000,-0.47609,0.00000,-0.74421,0.00000,0.00000,0.00000,0.00000,1.89388,0.02812,0.77614,0.15531,0.00000,-0.49157,1.58278
0.65480,1.39838,-1.10367,-1.09570,0.23727,-0.18007,0.00000,0.00000,0.00000,0.00000,0.00000,0.00000,1.07438,0.00000,0.00000,1.30381,-1.03536,0.00000,0.54566,0.00000,1.54304,1.79316,0.00000,0.00000,-0.16585,0.00000
0.68827,0.54524,-0.85583,0.00000,0.00000,0.00000,0.00000,0.00000,-1.13079,0.00000,0.00000,0.40017,0.00000,0.50017,-0.03927,0.00000,1.20778,0.00000,0.00000,0.00000,0.00000,-1.86018,1.26172,0.50503,0.37193,-0.06100
0.68258,0.46895,-0.49273,-1.58365,0.00000,-0.83074,0.00000,0.00000,-1.28083,1.76374,1.66996,0.00000,0.11535,0.00000,0.00000,-0.48673,1.98969,0.00000,-1.15943,0.81070,0.00000,-1.06137,0.00000,0.50947,1.72443,1.82434
0.61969,0.00000,1.20482,0.00000,1.13329,0.00000,0.72668,0.00000,0.00000,0.00000,0.19338,-1.05645,0.00000,0.00000,0.00000,0.00000,0.00000,0.00000,0.00000,0.00000,0.00000,0.29876,0.00000,0.00000,0.00000,0.98855
0.68153,0.70809,0.00000,0.00000,-0.53783,0.00000,0.00000,0.00000,0.00000,0.00000,0.00000,-0.53992,0.00000,0.00000,0.60445,-1.50962,1.67783,0.00000,1.84082,0.15417,1.00241,-1.51727,0.00000,1.49809,0.41356,1.75217
0.75635,0.00000,-1.06555,0.00000,-0.58483,0.00000,0.00000,0.00000,1.48112,1.16089,0.00000,0.00000,-1.19339,-0.07641,0.00000,0.65983,0.60937,0.00000,0.00000,0.00000,0.00000,0.40692,1.64932,0.00000,0.44988,0.00000
0.62160,-1.07549,0.00000,0.52542,0.92857,0.00000,0.00000,0.00000,0.00000,0.00000,0.00000,0.00000,0.87404,-0.12801,0.00000,0.00000,0.73230,0.00000,-0.65839,-0.25121,0.00000,0.00000,-1.19313,0.23182,0.79315,0.00000
0.74783,1.29398,0.00000,-0.60250,0.00000,0.00000,0.00000,0.00000,1.29841,0.54506,0.00000,1.05971,0.00000,0.00000,0.00000,0.00000,0.00000,0.36039,0.00000,0.00000,0.00000,0.52522,-1.95179,1.44627,-1.02519,-0.45541
0.69085,-0.32220,0.00000,0.00000,0.00000,0.00000,-1.69670,0.00000,-0.41813,0.00000,0.00000,0.09716,-1.93940,0.00000,0.00000,0.00000,0.00000,1.04881,0.98787,0.00000,0.00000,0.81890,0.00000,0.00000,-0.74913,0.69998
0.31550,0.00000,0.00000,0.00000,0.00000,0.00000,0.00000,0.00000,0.00000,0.00000,0.00000,0.00000,0.00000,0.00000,0.00000,-1.43276,1.62949,-0.57291,0.89001,0.00000,-0.47112,0.74785,0.00000,1.86244,0.00000,0.00000
0.55968,0.00000,-0.18222,-1.83952,1.09879,0.00000,0.00000,0.00000,0.00000,0.00000,0.00000,0.00000,-1.23003,0.00000,0.00000,0.00000,-0.81780,0.00000,0.00000,0.00000,0.00000,0.11195,0.54374,0.00000,1.32605,0.22382
0.68465,1.43327,0.00000,0.00000,0.00000,0.00000,0.00000,0.00000,0.00000,1.72487,0.00000,-0.53283,1.38329,0.00000,0.00000,0.81920,0.35798,0.00000,-1.18462,-1.67631,-0.85303,0.00000,0.19202,-1.88905,0.00000,-1.30107
0.50659,-1.02793,0.39678,0.00000,0.00000,-0.47304,0.00000,0.48844,1.35625,-1.13492,0.00000,0.00000,0.00000,-1.89197,0.35475,0.00000,0.00000,-0.22564,-0.64558,0.00000,0.00000,1.11253,1.25014,1.67139,0.00000,-1.17856
0.68493,0.00000,0.29305,0.57502,0.00000,0.00000,-0.31244,0.00000,0.00000,0.00000,-1.71365,1.73330,0.00000,0.00000,0.47335,0.00000,-1.58614,-1.04368,1.98521,0.34183,0.00000,-1.41892,0.00000,1.01742,-1.31551,-1.42762
0.61908,-1.89221,-0.77578,0.00000,-1.16778,0.00000,0.53224,-1.83403,0.00000,0.00000,1.70670,0.00000,-0.77400,-1.74751,0.46828,0.00000,-0.39865,0.00000,-1.43237,-0.94078,0.00000,-0.19195,1.32690,0.00000,-1.13857,0.00000
0.48871,0.00000,0.00000,0.00000,0.00000,-1.48827,-0.23203,-0.18373,0.00000,-1.35526,0.00000,0.00000,0.00000,0.00000,0.00000,-1.65435,0.00210,0.00000,-0.20506,0.00000,0.53617,0.00000,0.00000,0.00000,1.25213,0.00000
0.75103,0.00000,0.00000,0.00000,0.00000,0.00000,1.64059,1.22262,0.00000,0.00000,0.68639,1.52277,0.00000,0.00000,0.21468,0.00000,0.00000,0.00000,1.39143,0.00000,0.00000,1.17114,0.00000,0.00000,0.00000,-1.23538
0.68558,0.00000,0.00000,0.00000,0.00000,-1.56281,1.12594,0.00000,-0.62674,0.00000,1.86274,-0.49319,0.00000,0.00000,-0.62953,-0.76572,0.00000,1.54499,-0.40895,0.00000,0.00000,0.00000,0.00000,1.69904,1.02732,-0.58518
0.58706,0.00000,-1.45922,1.00980,0.00000,-1.49134,-1.21201,0.00000,0.00000,-1.25632,0.00000,-1.57329,0.00000,0.00000,1.57958,0.00000,0.13143,0.00000,0.00000,0.00000,0.00000,1.77729,0.00000,0.99999,0.00000,0.00000
0.57764,0.00000,0.00000,-0.74968,-0.13701,-1.08943,-1.68061,0.00000,-0.19039,0.00000,0.12413,0.00000,0.00000,0.00000,0.00000,1.63356,0.00000,0.00000,-0.72893,0.16023,-0.99452,1.98384,0.00000,0.00000,0.00000,0.00000
0.68962,0.00000,-1.61666,-0.17080,0.00000,1.77185,0.00000,0.00000,0.00000,0.00000,-0.32356,0.53602,0.00000,-1.97995,0.00000,0.00000,0.00000,-0.78566,0.00000,0.00000,0.36225,0.00000,-0.86949,1.83250,0.00000,0.00000
0.61735,-0.95478,0.00000,1.63258,0.00000,0.00000,1.59333,1.58754,1.02424,0.00000,0.00000,0.00000,0.00000,0.00000,0.00000,0.00000,0.00000,0.00000,0.00000,0.00000,0.00000,0.57567,0.00000,0.00000,0.00000,0.00000
0.61708,-0.35183,0.00000,0.00000,0.00000,0.00000,1.60404,1.58108,0.00000,-1.73054,0.60212,0.00000,-1.27552,-0.06362,1.11282,-1.02473,0.00000,0.00000,1.73350,-0.05116,-0.10351,1.64945,0.00000,0.00000,0.00000,0.77855
0.68608,-1.15372,1.28941,0.00000,0.00000,-0.03681,1.64301,0.00000,-1.60405,0.26248,0.00000,-0.53505,0.00000,0.00000,-1.50225,-0.60724,1.16972,-0.00650,0.00000,0.00000,0.00000,0.23154,0.00000,-0.34287,0.00000,0.00000
0.68388,-0.58950,-0.82301,-0.24788,0.69956,-0.17388,0.00000,0.00000,0.00000,0.00000,-1.08979,-0.37893,-1.54010,0.00000,0.00000,0.84112,0.00000,1.82500,0.00000,0.00000,1.98750,1.28041,0.00000,0.00000,-0.62952,1.04097
0.54962,0.75377,1.99889,0.00000,0.00000,0.00000,0.00000,-1.20534,0.00000,-0.90334,-0.62283,0.00000,0.00000,0.00000,0.00000,-1.76528,0.00000,-1.92128,0.00000,0.00000,0.00000,0.24639,0.83393,0.00000,-0.48652,1.67267
0.56186,0.00000,0.86663,0.00000,-1.42802,0.00000,0.00000,0.00000,-0.46946,0.00000,0.00000,0.00000,0.00000,0.00000,1.23438,0.00000,1.44853,0.00000,-1.64702,0.61132,0.00000,1.18116,-0.44978,0.00000,0.00000,0.00000
0.68386,0.00000,-0.74318,-0.78172,-1.56969,-0.59805,1.69158,0.77508,0.00000,1.00918,0.00000,0.00000,0.00000,0.00000,0.00000,-1.32220,-1.11768,1.29035,0.17052,0.00000,0.00000,1.51218,0.00000,0.60158,0.00000,-1.69742
0.54311,0.00000,0.00000,0.00000,0.00000,-1.82751,0.00000,0.18944,1.14745,0.00000,0.00000,0.00000,0.00000,0.00000,-0.39073,0.00000,0.00000,-1.15588,0.00000,0.00000,-0.31402,0.08705,1.44057,0.00000,-0.38000,1.16695
0.68290,0.00000,1.87469,0.85768,1.90325,0.00000,1.30227,0.00000,0.00000,0.66536,-0.58001,-1.49744,0.23455,0.00000,1.23583,0.00000,-0.14707,1.46531,0.67343,0.00000,0.00000,0.00000,1.50934,1.51736,0.69441,0.00000
0.54714,-0.95322,0.00000,0.00000,0.00000,0.00000,0.00000,0.00000,0.74382,1.53080,1.92227,0.00000,-0.45579,-0.40282,0.00000,-1.58555,0.69379,0.00000,0.00000,-1.22879,0.00000,1.81464,0.00000,-1.47928,0.00000,-1.34280
0.68375,0.00000,0.00000,0.00000,1.16804,1.21984,0.21856,0.00000,1.16122,0.59096,0.71830,-0.31289,0.77574,0.77000,-1.73743,0.00000,0.00000,1.02466,0.29349,0.40492,-0.67914,0.00000,0.00000,0.00000,0.36972,0.00000
0.58114,0.00000,0.00000,0.00000,0.00000,0.00000,0.00000,0.00000,0.00000,0.00000,1.21755,-1.84776,0.00000,0.00000,1.68353,0.00000,0.00000,-0.67743,-1.10301,0.41779,0.00000,1.73719,0.00000,0.00000,0.00000,0.00000
0.74901,-1.19766,0.00000,0.00000,0.00000,0.00000,-1.68614,0.00000,0.00000,0.00000,0.28225,1.32717,0.00000,0.27418,1.38272,0.00000,0.85290,-0.94721,0.00000,-1.49836,-1.81904,0.00000,0.00000,0.94286,0.00000,0.00000
0.61523,0.00000,1.58449,0.00000,0.00000,1.27667,0.00000,0.00000,0.00000,-1.93582,0.00000,1.18344,-1.41100,0.00000,0.00000,-0.32628,-1.75501,0.00000,0.85498,1.98697,0.00000,1.61910,-0.99830,0.00000,0.00000,1.76749
0.68939,0.00000,0.00000,-1.61718,0.51615,1.93970,1.48113,-0.51121,0.00000,0.60670,0.00000,0.00000,0.64101,0.00000,0.11572,0.00000,0.00000,-0.19182,0.00000,1.33217,0.00000,0.00000,0.24102,0.51570,-0.15067,0.00000
0.59471,0.00000,0.00000,0.00000,-1.20314,0.38052,0.00000,0.21451,0.00000,0.00000,-0.25442,0.89344,-1.40835,-1.54337,0.00000,0.00000,-0.46885,0.00000,0.00000,0.00000,0.00000,0.00000,0.00000,0.16382,0.00000,0.00000
0.39214,0.00000,0.00000,1.90026,-1.00485,0.00000,-1.18382,1.69353,1.34574,0.00000,0.00000,-1.73427,-0.69624,0.00000,-0.12168,0.00000,0.00000,0.00000,0.00000,0.00000,-1.68103,1.52263,-1.99796,1.18151,0.00000,0.00000
0.61552,-1.53533,0.00000,-0.43133,0.00000,0.98049,0.00000,0.00000,0.00000,1.10316,0.00000,0.78601,0.00000,0.00000,0.00000,-1.96152,0.00000,0.00000,0.00000,-1.74186,0.00000,1.38103,0.00000,-1.98874,0.00000,1.46748
0.68631,0.00000,0.00000,0.00000,0.00000,0.00000,0.00000,-1.92150,0.00000,-1.70693,0.00000,-1.80906,-0.58932,-1.32488,0.00000,0.51061,0.00000,0.00000,-1.07480,0.00000,1.46538,1.77939,0.00000,0.44072,0.81867,0.00000
0.68297,-1.09447,0.00000,0.00000,0.00000,1.55428,0.00000,0.00000,0.80070,0.00000,0.00000,0.00000,0.00000,1.39896,0.00000,1.90878,0.00000,0.00000,0.00000,1.55791,0.00000,0.83815,0.00000,0.34600,0.00000,0.04647
0.52260,0.00000,0.18861,1.21719,0.00000,-0.43700,0.00000,0.00000,0.00000,1.40812,0.00000,-0.35770,0.00000,0.00000,-0.09485,0.00000,0.00000,-0.38419,0.84032,-0.92800,-1.62313,0.71687,0.00000,0.19813,0.00000,-0.63109
0.74385,0.00000,-0.34791,-1.75181,0.79252,0.10187,0.00000,0.00000,1.13806,0.17577,1.25929,0.00000,0.00000,0.00000,1.73772,0.23908,0.32571,-1.87884,0.00000,0.00000,0.00000,0.00000,-1.95389,1.02403,0.00000,0.00000
0.51043,0.00000,0.00000,-1.72876,0.00000,0.00000,0.00000,-1.55173,0.00000,-1.15483,-0.73990,0.00000,0.69935,0.00000,0.00000,0.00000,1.28778,0.41722,-1.26404,0.00000,-0.46078,0.00000,0.00000,0.05188,1.59288,0.00000
0.74861,1.57195,0.00000,0.00000,0.00000,0.78588,0.00000,0.00000,1.30027,0.00000,0.00000,1.99968,0.00000,1.36665,0.00000,-0.51693,0.00000,1.22772,0.00000,0.00000,-0.88550,0.00000,0.21196,0.00000,0.45100,1.13439
0.69058,0.00000,0.00000,-0.14958,0.00000,0.00000,0.00000,0.00000,-0.20808,0.00000,0.66300,-1.53585,0.00000,-0.17587,0.00000,-0.80207,0.63872,0.00000,-0.53045,0.00000,-0.28157,1.87086,-1.06355,0.00000,0.00000,1.43071
0.68333,0.00000,0.81517,0.92816,-1.80958,0.00000,0.00000,0.00000,0.00000,0.00000,-1.12455,1.10801,0.88444,0.00000,0.60050,-0.51619,1.73917,-0.66514,0.00000,0.65836,0.10096,0.00000,0.18316,0.00000,1.76063,1.61508
0.56763,0.00000,0.00000,0.00000,0.00000,-0.49608,0.00000,0.00000,0.00000,0.00000,0.00000,0.00000,0.00000,0.00000,0.00000,0.00000,0.65238,-1.02314,0.00000,-1.94844,0.00000,0.51579,0.00000,1.59906,0.00000,-0.82371
0.30112,0.00000,-0.79620,0.00000,0.00000,0.00000,0.00000,0.19069,0.00000,0.00000,0.00000,0.00000,0.94507,0.79133,0.08499,0.00000,0.00000,0.00000,0.00000,0.00000,0.00000,0.19684,0.00000,0.00000,0.00000,0.00000
0.62458,-0.86498,0.00000,0.00000,0.00000,1.11846,0.00000,0.00000,0.00000,0.00000,0.00000,0.00000,0.00000,0.61902,0.00000,1.84684,0.00000,-1.60742,0.00000,0.00000,0.00000,0.42000,0.00000,0.00000,0.00000,0.00000
0.61823,0.00000,1.00215,0.00000,0.00000,0.00000,0.00000,0.00000,0.62025,0.72995,-1.84264,0.00000,0.00000,0.00000,-0.89446,0.78044,-0.74807,0.00000,0.00000,0.00000,0.00000,0.82403,0.00000,0.00000,0.82561,1.37604
0.68316,0.00000,0.00000,0.00000,0.00000,1.06494,1.68071,0.00000,0.00000,0.00000,0.00000,1.98736,0.00000,0.00000,0.00000,0.00000,-1.93664,0.00000,0.00000,0.00000,0.00000,0.00000,1.39696,0.00000,0.00000,1.03085
0.62076,0.00000,0.00000,0.00000,0.00000,0.79032,0.00000,0.00000,0.00000,0.00000,0.00000,0.00000,-0.20481,0.00000,0.00000,0.00000,0.57046,-1.08686,-0.51184,0.37786,0.00000,1.60778,-0.22301,0.00000,-1.78653,-0.35161
0.61859,-1.52028,-0.80483,0.00000,0.00000,0.00000,1.51975,0.00000,0.00000,-1.60278,0.00000,0.00000,0.00000,0.00000,0.00000,0.00000,0.00000,-1.09105,0.00000,0.00000,0.00000,1.50782,1.83285,-0.30743,0.00000,0.88620
0.68503,0.00000,0.00000,0.00000,0.23177,0.00000,0.00000,0.00000,0.00000,-0.27915,-1.27803,0.42328,-1.50485,0.00000,0.00000,0.00000,0.00000,-0.66768,1.35460,0.00000,0.90980,-0.06607,0.00000,-0.06005,1.51957,0.00000
0.54868,0.00000,0.00000,-0.10745,-0.81764,1.30962,0.00000,1.98695,0.00000,0.00000,0.00000,0.00000,0.00000,0.00000,0.00000,-1.43737,-1.39033,-0.89353,0.00000,1.22528,0.00000,1.97156,0.00000,0.00000,0.55382,1.47611
0.55585,0.00000,0.00000,0.00000,0.00000,0.61040,0.00000,-0.39129,0.78006,1.52398,0.00000,-0.91750,-1.75480,0.00000,0.00000,0.43275,0.00000,-0.75171,0.00000,0.00000,0.00000,1.15129,0.00000,0.00000,0.00000,0.00000
0.33571,0.00000,-1.97668,0.00000,0.66562,-0.88780,-1.87016,0.00000,1.95378,1.54319,0.00000,0.00000,-0.32703,0.00000,-1.48010,-1.84775,-0.88592,-0.66844,0.00000,0.00000,0.00000,0.18575,0.00000,-1.83426,0.00000,0.00000
0.68320,0.00000,0.00000,-1.02535,1.81415,0.00000,0.00000,0.00000,0.00000,0.12653,1.34411,0.00000,0.00000,0.00000,0.00000,0.00000,1.75164,0.00000,0.00000,0.00000,0.00000,0.00000,-0.80812,0.00000,1.54073,0.00000
0.68303,1.92847,-1.77392,0.00000,0.78578,0.00000,-1.89042,1.87126,0.00000,0.00000,0.00000,0.00000,-0.98528,-0.23556,0.47575,0.00000,0.00000,0.00000,0.00000,0.00000,1.65772,0.00932,0.00000,0.00000,0.00000,0.00000
0.68567,0.00000,1.08625,-1.44640,1.86977,0.00000,0.00000,-0.57343,0.00000,0.00000,-0.76025,1.14332,-0.29817,-0.94987,0.00000,0.00000,1.25324,0.00000,0.00000,0.00000,0.00000,0.78960,-1.02472,-1.53765,0.00000,1.04131
0.46296,0.00000,-0.89214,0.00000,0.00000,-1.03560,1.96119,0.00000,0.00000,0.00000,-0.33501,1.76251,0.00000,0.00000,-1.80585,0.00000,0.00000,0.00000,0.00000,-1.77190,1.28990,0.80027,0.00000,0.00000,0.00000,0.00000
0.68174,0.00000,0.00000,0.00000,0.00000,-1.92902,0.16493,-1.95881,0.00000,0.87707,0.00000,-1.56973,0.00000,0.91581,0.00000,1.19803,-1.61004,0.00000,0.00000,-0.73672,0.00000,1.54424,0.51539,1.81032,0.00000,0.82092
0.62569,-0.71644,0.00000,0.00000,1.28735,0.80109,0.70421,-0.91889,0.00000,0.68841,-1.48540,-0.14424,0.00000,1.51709,0.00000,-0.00517,-0.58814,0.65258,0.00000,0.00000,0.00000,0.88053,0.00000,0.00000,0.75874,0.00000
0.60996,0.00000,1.90711,-0.80718,0.00000,-0.99882,1.74382,-0.34138,1.85188,0.00000,-1.07142,0.00000,0.00000,0.00000,0.00000,0.00000,0.00000,1.02878,-1.10123,0.16811,0.00000,0.00000,1.67682,0.00000,-0.56166,0.00000
0.47039,0.00000,0.00000,0.00000,0.00000,0.00000,-1.88426,0.00000,0.00000,1.77279,0.00000,0.00000,0.00000,-1.60291,0.00000,-1.72288,0.00000,0.16771,0.69122,0.00000,0.00000,1.63935,0.00000,0.00000,0.00000,-1.27810
0.68969,-1.28386,0.00000,-0.31197,-0.37310,0.00000,1.12262,0.00000,1.17769,0.57302,0.00000,0.00000,0.51320,0.00000,0.69502,0.00000,-0.46005,0.00000,0.00000,-0.78873,0.00000,0.47159,-1.67457,0.00000,0.00000,-1.49317
0.39183,0.00000,0.00000,0.00000,-0.35401,-0.69153,0.00000,0.00000,-0.04791,0.00000,-1.55518,0.00000,0.00000,0.00000,-1.67607,0.00000,0.00000,1.85999,0.00000,0.00000,0.00000,1.21128,-0.28842,1.76404,0.00000,0.00000
0.62199,0.00000,0.00000,-1.36157,-1.88157,0.00000,0.00000,0.00000,0.00000,-1.84501,0.00000,1.99871,0.00000,0.00000,0.33178,-1.22832,0.00000,0.00000,0.00000,0.00000,1.25076,1.48490,0.00000,-1.68241,0.00000,-1.65754
0.29323,0.00000,1.83446,-1.58509,1.51537,0.00000,0.00000,0.00000,0.00000,0.00000,-1.19196,0.00000,0.00000,-0.92126,0.66635,1.69053,0.00000,0.23427,0.00000,1.71091,0.00000,1.85123,0.72646,-0.45559,0.00000,0.00000
0.62967,-0.07677,0.00000,0.00000,0.00000,-0.70873,-1.19635,0.00000,-1.64673,-0.82211,0.00000,-1.38330,1.20335,0.00000,0.00000,0.00000,0.00389,-1.73316,-0.21520,0.00000,0.00000,0.30229,0.00000,0.00000,-1.23464,-0.63894
0.68855,0.00000,0.00000,0.00000,0.00000,0.00000,-0.94132,-0.89669,0.98123,0.00000,0.00000,1.44676,1.38923,0.00000,0.00000,0.08993,0.00000,0.00000,0.00000,0.00000,-0.47469,-1.45778,0.00000,1.58581,0.00000,-1.60976
0.29775,0.00000,0.00000,0.00000,-0.50518,0.00000,0.51230,0.00000,0.00000,0.00000,0.00000,-1.01639,0.00000,0.00000,0.00000,0.00000,-1.96896,0.00000,0.00000,0.00000,0.71235,1.30613,0.00000,-0.29074,0.00000,-1.33145
0.50953,0.00000,0.00000,0.00000,0.00000,-1.57012,0.00000,0.00000,0.00000,0.00000,-0.17736,0.00000,0.00000,0.00000,0.00000,0.44642,0.81100,0.00000,0.00000,0.00000,-1.43240,0.00000,-1.57817,0.00000,1.57759,-1.00018
0.55997,-0.65118,0.08119,-1.64643,0.00000,0.59737,0.00000,-0.04570,-0.59953,0.00000,0.00000,0.00000,-0.66129,0.00000,0.00000,0.00000,0.00000,0.18299,0.00000,0.00000,0.00000,1.09936,-1.12544,1.12911,0.00000,0.00000
0.38654,-1.20845,0.00000,-1.81985,0.00000,0.02581,0.83481,0.00000,0.35418,0.00000,0.00000,-1.54098,-1.45681,-0.84219,0.00000,0.00000,0.00000,0.00000,0.05319,0.00000,0.00000,0.59990,0.00000,1.32449,1.20175,-0.49002
0.55233,0.00000,0.00000,1.10461,0.00000,1.17288,-0.76302,-0.57118,-0.82866,-0.17212,0.00000,0.00000,-0.88989,0.00000,0.33159,0.00000,-1.27352,1.34732,0.00000,0.00000,-1.44545,1.33506,0.00000,0.00000,0.00000,0.00000
0.61656,-1.02482,0.46754,-1.67037,1.30771,1.37841,0.00000,-0.90521,1.42731,0.00000,0.00000,-1.19945,0.00000,-0.80012,-0.95726,0.00000,1.83328,0.00000,0.00000,0.34310,-1.83524,-0.16110,1.77000,-1.23865,0.91935,1.90844
0.32248,-0.41652,0.00000,-0.50513,0.00000,-0.20295,0.00000,0.00000,0.00000,0.00000,0.00000,0.15928,0.00000,0.00000,0.00000,0.00000,0.00000,0.00000,-1.60198,0.40629,0.00000,-0.63507,0.06896,0.41233,0.00000,0.00000
0.55516,-0.56273,1.80944,0.00000,0.41889,-0.15735,0.00000,0.00000,-1.11364,0.00000,-1.77744,0.00000,0.24194,0.00000,0.55741,0.00000,0.00000,-1.09564,0.00000,-0.79577,0.00000,1.26283,1.94502,0.68039,0.30912,0.88599
0.68880,-0.81252,1.00327,0.00000,0.00000,0.64536,-1.18805,0.00000,0.00000,0.00000,0.00000,0.00000,0.00000,0.00000,1.74889,0.00000,0.41006,0.00000,0.00000,0.00000,0.00000,0.07683,0.52073,1.37320,0.97521,0.00000
0.69052,0.00000,0.00000,0.00000,-0.96010,0.00000,0.05158,-0.71972,0.68320,0.00000,0.00000,1.31911,0.00000,0.00000,0.00000,-1.95265,0.00000,0.00000,0.00000,0.00000,0.00000,0.00000,1.76085,0.00000,1.18949,0.55619
0.67648,0.00000,0.00000,0.00000,-1.45561,-0.71871,0.56836,0.00000,0.00000,0.00000,0.00000,0.00000,0.36953,1.26432,0.00000,1.69846,0.00000,-1.98134,0.00000,0.86990,0.00000,0.00000,0.00000,1.84956,0.75434,0.00000
0.61832,-0.16972,1.68132,0.00000,-1.75068,0.00000,1.86505,0.00000,-0.43933,0.00000,-1.92879,-0.87024,0.21307,-0.87475,0.00000,-0.98669,0.00000,0.00000,-1.59818,0.00000,0.00000,0.00000,0.58342,0.00000,0.00000,0.00000
0.39219,0.00000,-0.78831,0.00000,-0.83424,0.00000,0.00000,0.00000,0.00000,0.00000,0.00000,0.00000,0.00000,0.00000,0.00000,0.00000,0.00000,0.00000,0.00000,0.00000,0.00000,1.34699,1.96296,0.00000,0.00000,0.00000
0.68306,0.00000,0.00000,-1.31066,0.00000,0.00000,-0.04109,-1.54278,-0.75552,0.00000,0.00000,0.58989,0.00000,1.89561,0.42824,1.65294,0.00000,0.00000,0.00000,0.00000,1.95448,1.24266,1.93458,0.00000,0.00000,0.00000
0.68555,0.00000,0.00000,0.00000,-0.46378,0.00000,1.70696,-1.85445,0.00000,1.12545,0.73623,0.00000,0.94463,0.00000,0.00000,0.60399,-1.36381,0.00000,0.00000,0.00000,0.00000,0.00000,-1.91844,0.58027,0.00000,0.00000
0.68618,0.00000,0.48534,0.00000,-1.69305,1.95398,0.63156,0.00000,0.00000,0.00000,-0.89780,0.83357,0.00000,-0.86649,0.35873,0.00000,-1.95721,0.00000,0.00000,0.00000,0.42571,-0.27712,0.00000,1.80689,1.72908,0.35259
0.54912,0.00000,0.00000,-0.05033,1.57982,0.96935,0.00000,0.07366,0.40469,-1.12785,0.00000,0.00000,0.00000,1.63757,0.00000,0.00000,0.00000,0.00000,1.76147,-1.18580,0.00000,0.98966,-1.96336,0.00000,-1.26206,1.65999
0.63637,0.00000,-1.01715,0.00000,0.00000,0.00000,0.00000,0.00000,0.00000,0.00000,0.33873,0.00000,0.00000,0.00000,0.00000,0.00000,1.36253,1.02378,1.61167,0.00000,0.00000,0.67090,-1.60924,0.00000,0.00000,0.00000
0.68602,1.01263,0.00000,-1.14109,0.00000,1.79282,0.00000,-1.26146,0.00000,0.79569,1.55892,0.79477,0.00000,-0.99936,0.00000,0.00000,-1.11198,0.00000,0.00000,-1.13531,1.87503,0.36871,0.00000,0.00000,0.00000,0.00000
0.68340,1.45798,-1.43763,1.85070,0.00000,0.00000,0.90460,0.00000,-1.00920,0.00000,0.00000,0.61037,0.00000,0.00000,-1.55320,0.00000,0.00000,-1.20159,1.58033,0.00000,-1.58481,1.06360,-1.94830,1.70200,1.30010,0.74693
0.74939,0.06852,-0.30483,-0.51122,1.96176,0.22013,0.00000,0.00000,0.00000,-1.99069,1.11143,0.00000,0.00000,-0.81132,-1.70031,0.76814,0.00000,0.01291,0.00000,0.00000,1.97957,0.92067,-0.91945,1.17550,0.00000,1.01558
0.73784,-0.59469,-1.53943,0.00953,0.00000,0.52613,0.00000,-0.17654,1.18079,0.00000,-0.95098,1.94864,0.00000,0.89521,0.00000,-1.50149,0.00000,1.89096,0.00000,0.51054,1.62007,0.00000,1.75412,0.83067,-0.85024,1.22345
0.61650,0.00000,-0.41371,0.00000,-0.88181,0.00000,0.00000,0.00000,0.00000,0.00000,-0.89199,0.00000,0.00000,-0.97238,0.00000,0.00000,1.01834,0.00000,0.00000,0.00000,1.91925,0.00000,0.00000,0.00000,1.66363,0.00000
0.57044,0.00000,0.00000,-1.81529,-1.73781,0.00000,0.00000,-1.02932,0.00000,0.00000,0.57510,0.01879,0.00000,0.00000,0.00000,0.00000,0.00000,0.00000,-1.05550,0.00000,0.00000,1.35899,0.00000,1.79563,0.00000,0.00000
0.39125,0.00000,0.00000,0.00000,1.60520,0.00000,-1.30581,0.00000,0.00000,1.23357,0.00000,0.00000,1.60021,-1.12419,0.00000,0.00000,-0.41268,0.36628,0.00000,0.00000,0.00000,1.83953,1.71494,0.00000,0.00000,0.00000
0.72996,0.00000,0.00000,-1.14458,0.00000,0.00000,-0.56681,0.00000,-0.84983,0.00000,0.49386,0.92149,0.00000,0.00000,-1.31826,0.00000,-0.81047,0.00000,1.10749,0.00000,-1.47990,0.00000,0.00000,0.00000,0.04242,0.95082
0.61988,0.02689,0.00000,0.00000,0.00000,0.00000,-0.70843,0.00000,-0.40664,0.00000,0.00000,1.52943,-1.45842,1.06224,0.00000,0.00000,0.00000,0.00000,0.00000,0.22942,-0.79096,0.76418,0.00000,0.00000,-0.69863,0.00000
0.74880,0.00000,0.00000,0.00000,-0.50726,0.00000,1.90591,0.00000,0.00000,0.00000,0.00000,1.06100,0.00000,-0.44271,0.00000,0.00000,0.00000,0.00000,0.00000,0.00000,1.21742,0.00000,0.00000,0.25262,0.00000,1.17279
0.74916,1.02825,0.93670,0.00000,0.00000,-1.33718,1.77773,0.00000,0.00000,0.00000,0.00000,0.00000,1.55605,0.00561,-0.31133,0.00000,0.00000,0.00000,0.11142,0.00000,0.00000,0.19317,0.79593,0.00000,0.50542,1.56852
0.68360,0.00000,0.00000,1.75490,0.00000,0.00000,0.00000,0.00000,0.00000,-0.46050,0.00000,1.98418,-1.19008,0.19945,-0.96603,0.00000,0.00000,0.00000,0.81810,0.00000,0.94969,0.00000,1.31108,0.00000,1.75045,-0.90605
0.68278,0.00000,1.61031,-1.19848,0.00000,-0.50466,0.00000,0.00000,0.16545,-1.73470,0.00000,1.49126,0.00000,0.31926,-1.34336,0.00000,0.00000,0.00000,0.00000,0.00000,0.00000,0.97979,0.00000,-0.47357,0.00000,0.00000
0.61991,0.00000,-0.59135,0.00000,-0.80660,0.00000,0.00000,0.00000,0.00000,0.77729,0.00000,0.00000,0.00000,-1.29449,-0.91961,1.63625,0.00000,0.00000,0.00000,-0.66124,0.00000,1.10764,0.00000,0.43901,0.13616,0.77090
0.55648,-1.01712,-1.75226,-0.24287,-1.35644,1.46472,0.00000,1.58156,0.00000,0.00000,0.00000,0.00000,0.00000,-1.14870,0.00000,0.00000,0.00000,0.00000,0.00000,-0.75177,-0.77224,0.97916,1.26622,0.00000,0.00000,0.00000
0.68252,1.06738,0.00000,1.19917,0.00000,1.87119,0.00000,0.00000,-1.32412,0.00000,0.00000,0.00000,-0.13556,0.00000,0.00000,1.48287,1.96258,0.00000,0.00000,1.89070,0.00000,1.15666,1.97324,0.00000,-1.33336,0.00000
0.51456,0.00000,0.00000,-1.44608,-0.07952,-1.98889,0.00000,1.39570,0.00000,-1.54248,0.00000,0.00000,0.00000,0.00000,-0.65320,0.85573,0.61257,0.50794,0.00000,0.00000,0.16988,0.21478,0.00000,0.51307,0.00000,0.00000
0.62181,0.29032,1.07512,0.00000,0.00000,-0.08593,0.00000,0.00000,0.00000,-0.48270,0.00000,-1.47122,0.00000,1.83757,0.00000,0.00000,0.00000,0.00000,1.60710,0.00000,1.15966,1.60939,-1.72912,0.00000,0.84762,-1.91467
0.37685,0.00000,0.00000,-1.38984,0.00000,0.00000,0.00000,1.60838,0.00000,0.05541,0.00000,0.00000,0.00000,-0.03840,0.00000,-1.62615,0.00000,1.40512,0.00000,-1.25688,0.00000,0.65495,0.00000,-0.23703,0.00000,0.00000
0.63885,0.00000,-0.93147,0.00000,-1.60943,-1.80824,-1.30133,0.00000,0.00000,0.00000,0.00000,1.32105,-1.69478,0.00000,0.00000,0.00000,0.00000,-1.81572,1.60604,0.00000,0.00000,1.25003,0.00000,0.00000,0.00000,0.00000
0.62350,0.00000,-1.90605,0.00000,0.00000,0.00000,0.00000,-1.01865,0.00000,0.00000,0.00000,0.00000,-1.86218,1.21635,0.00000,0.00000,0.60543,0.00000,0.00000,-0.29846,0.00000,1.15265,0.00000,1.81570,0.64336,0.58546
0.67218,0.00000,0.00000,0.00000,0.30198,0.00000,1.23956,0.28740,-1.07995,-1.94693,0.00000,0.12063,0.00000,0.35345,-1.85846,0.00000,-0.53028,-0.33092,0.00000,0.00000,0.00000,0.00000,0.00000,0.25545,0.00000,1.37011
0.61997,0.00000,0.00000,0.00000,0.00000,0.00000,0.00000,-1.74021,0.00000,-0.24707,-1.16109,0.00000,0.00000,-1.45238,0.00000,-1.58516,0.73830,0.00000,1.04682,0.00000,0.00000,-1.66449,0.00000,-1.83935,1.52606,0.00000
0.54961,0.00000,-0.23563,0.00000,0.00000,0.00000,-0.07736,0.00000,-0.84175,-0.35089,-1.07720,-1.82314,0.00000,-0.47658,1.48829,-0.17183,-0.08453,1.32305,0.00000,0.00000,0.00000,1.16736,0.00000,-0.10896,0.00000,1.90653
0.62130,0.84068,0.00000,0.00000,-1.78276,0.00000,0.00000,-0.44327,0.00000,0.21821,0.68271,0.00000,0.00000,-1.67446,0.00000,0.00000,0.00000,0.00000,0.00000,0.00000,0.00000,0.78557,0.00000,1.28524,0.00000,0.00000
0.69019,0.00000,0.00000,0.00000,0.00000,0.00000,0.00000,0.00000,0.83859,0.00000,0.00000,1.54904,0.00000,-1.81383,0.00000,0.49068,0.00000,0.00000,0.00000,-0.94952,-1.98413,0.33586,1.15859,0.00000,-1.32471,0.00000
0.57597,0.00000,0.00000,0.00000,0.00000,-0.78015,0.00000,-1.95770,0.00000,0.00000,0.00000,1.69612,0.04244,0.00000,0.00000,0.00000,0.00000,-1.49025,0.00000,-0.01393,0.00000,0.00000,0.00000,0.46309,0.00226,0.00000
0.61574,0.00000,0.47643,0.00000,0.00000,0.00000,0.00000,0.00000,0.00000,0.73253,-0.11089,0.00000,-0.13157,1.92289,-1.67152,1.92491,0.00000,1.23059,0.00000,-1.16859,0.00000,0.69873,0.00000,0.00000,0.00000,0.00000
0.61864,0.00000,-0.78303,0.00000,1.56584,0.00000,-1.67606,0.00000,0.00000,0.00000,0.00000,1.88802,-0.27500,1.14357,0.71971,0.00000,0.00000,0.00000,0.00000,1.93680,0.00000,1.96333,0.11377,0.00000,0.00000,0.00000
0.68203,0.00000,0.00000,0.22767,-0.73873,0.23724,1.81227,1.42907,0.00000,1.06671,0.00000,0.00000,0.00000,0.00000,0.00000,0.00000,-0.91659,1.54232,0.00000,0.00000,1.63818,-1.41267,0.77043,0.00000,0.59466,0.00000
0.75442,0.00000,0.00000,0.32141,0.00000,0.00000,0.00000,-0.15899,-1.73333,1.79885,-1.95457,1.20484,0.00000,0.00000,-1.80400,0.00000,0.80662,0.00000,0.00000,0.00000,0.00000,0.00000,-1.62116,0.22320,0.00000,0.00000
0.67607,0.00000,0.00000,0.00000,0.00000,0.00000,0.00000,-0.79945,0.00000,-0.51274,0.00000,-0.54831,0.00000,-0.01084,1.64857,1.71252,1.96289,0.17094,0.00000,0.00000,0.00000,0.00000,-0.72073,0.07450,0.00000,0.00000
0.74957,0.84851,0.00000,-1.13880,0.00000,-0.97960,1.96955,0.00000,0.98358,-0.02238,0.00000,1.79353,0.00000,-1.38128,0.00000,1.51315,0.00000,1.37612,0.00000,0.00000,0.98413,0.94473,0.00000,0.00000,0.21712,1.43826
0.75007,-0.55528,0.00000,0.00000,-0.38912,0.00000,0.20560,0.00000,0.20016,1.78411,0.74758,1.76139,0.00000,1.09929,0.10558,0.00000,1.26785,0.00000,1.46872,0.00000,0.00000,0.49266,-0.66632,-0.06841,0.00000,1.51610
0.62153,0.00000,0.00000,0.00000,0.00000,0.00000,1.00713,-0.23146,0.00000,0.00000,0.00000,0.00000,-0.97980,0.00000,0.00000,0.00000,0.16923,0.00000,0.00000,0.00000,0.00000,0.00000,1.88172,-1.33588,0.00000,0.00000
0.61845,0.55626,0.00000,0.00000,0.00000,0.00000,1.97083,1.18762,0.00000,1.81040,0.00000,-0.38929,-0.97969,0.15580,0.00000,0.83966,0.00000,-1.23682,-1.84979,0.94734,0.00000,-1.11952,0.01230,0.49155,0.16971,0.00000
0.61792,-0.32291,0.00000,0.00000,0.00000,-0.88468,0.00000,-0.38175,0.00000,0.00000,0.00000,0.00000,0.00000,0.00000,0.00000,0.00000,1.40192,0.00000,0.00000,0.00000,0.56240,1.60543,-0.73928,0.00000,0.00000,1.38685
0.64467,-0.11420,0.00000,0.00000,0.00000,0.00000,0.00000,0.00000,0.00000,0.00000,1.32283,-1.90795,0.00000,0.00000,-0.53105,-0.49599,0.37026,0.00000,0.00000,0.88150,-0.63139,1.91883,0.00000,0.00000,0.00000,0.00000
0.61030,0.00000,0.00000,-0.28930,0.00000,-0.67432,0.31958,0.00000,0.00000,0.00000,0.00000,-1.00840,0.00000,-0.04164,0.00000,-0.05994,0.00000,0.00000,0.00000,0.00000,0.00000,0.00000,1.93860,0.00000,0.85258,0.00000
0.68722,0.00000,0.00000,0.00000,0.00000,1.84738,0.00000,0.00000,-1.48470,0.00000,-1.53360,1.59708,0.00000,0.00000,0.00000,-1.12234,1.99143,0.00000,0.00000,0.00000,0.00000,0.00000,-0.97179,0.35228,0.00000,0.00000
0.68984,0.00000,-0.41590,0.00000,0.00000,0.00000,0.33432,0.52751,0.00000,0.00000,0.00000,-1.44758,-1.65613,0.00000,0.00000,0.00000,0.00000,1.31502,0.00000,0.68536,0.00000,0.00000,0.83004,0.29976,0.00000,0.00000
0.39417,0.00000,0.00000,0.00000,0.00000,0.00000,0.00000,0.00000,0.00000,0.00000,0.00000,1.59554,0.00000,0.00000,-1.86344,0.00000,0.00000,-0.91865,0.00000,0.10809,0.00000,1.57908,1.10035,-1.13453,0.99803,0.00000
0.46910,0.00000,0.17959,0.40075,0.00000,0.00000,0.00000,0.00000,0.00444,0.00000,0.00000,0.00000,0.00000,0.00000,0.00000,0.00000,0.00000,1.94014,0.00000,0.00000,0.16357,1.89708,0.30573,-0.03167,-0.16340,0.00000
0.68241,0.00000,0.74349,0.00000,0.74950,0.00000,1.62855,1.44031,-0.43443,-0.67406,0.00000,0.00000,0.00000,0.00000,0.00000,0.00000,0.19707,0.00000,0.00000,-1.33330,1.68515,0.00000,1.61111,0.00000,0.00000,1.40359
0.38813,-0.49513,0.00000,0.10395,0.00000,-0.03781,0.00000,0.00000,0.00000,0.00000,0.00000,-0.14104,1.46478,1.39614,-1.12933,0.00000,0.00000,0.00000,1.16021,1.48946,-1.44029,0.90355,0.95431,0.00000,0.00000,0.00000
0.56567,-1.29598,0.00000,0.00000,0.42288,1.46219,-0.06439,-0.83851,0.00000,0.00000,0.00000,-1.16945,-1.00242,-0.57766,0.00000,0.00000,0.00000,-1.05287,-0.49761,0.00000,0.00000,0.23103,0.22085,1.95435,0.00000,0.00000
0.39133,0.00000,0.00000,0.00000,0.00000,-1.58444,0.00000,-0.97869,0.00000,0.00000,0.00000,0.00000,0.00000,0.00000,-0.42575,-0.74261,0.00000,-0.58150,0.00000,0.00000,0.00000,1.12732,0.00000,0.00000,0.00000,0.00000
0.62087,0.86148,1.05422,0.00000,0.00000,0.00000,0.00000,-1.73233,0.17696,-1.54060,0.00000,0.00000,0.00000,0.00000,0.37873,-0.26274,0.86384,0.00000,0.00000,-1.03327,0.00000,1.40800,0.00000,1.45972,-1.33428,-0.14650
0.67153,0.00000,-1.04772,0.00000,0.00000,0.00000,0.00000,0.00000,0.41715,1.25097,0.00000,0.34931,0.00000,0.00000,-0.48521,0.94390,0.00000,0.00000,0.00000,0.00000,0.00000,0.38431,-1.10392,0.28556,0.00000,0.00000
0.62576,0.00000,0.00000,-1.91600,0.00000,0.00000,-0.55087,1.32106,0.00000,0.00000,0.00000,0.90339,0.00000,0.00000,0.00000,0.33131,0.00000,0.72635,-1.02404,0.00000,1.02321,0.00000,-1.07636,0.31918,0.17765,0.00000
0.69081,0.00000,-1.19584,-1.72221,0.29253,-0.03080,0.83948,0.15833,0.00000,-0.42083,0.50091,0.00000,0.00000,0.37556,-1.97865,0.00000,0.00000,0.18049,0.00000,0.00000,0.00000,0.00000,1.18712,0.00000,-0.41892,-0.76936
0.59163,0.00000,0.00000,0.00000,0.00000,0.00000,0.00000,1.94791,0.98218,0.00000,0.00000,0.00000,-1.55916,0.00000,0.00000,0.00000,1.03160,-0.03210,0.09881,0.00000,0.00000,0.00000,0.00000,0.00000,0.72709,0.00000
0.44919,0.00000,0.00000,-1.44993,0.00000,0.00000,0.00000,0.00000,0.00000,1.57582,-1.95478,0.00000,0.00000,-0.41048,1.74571,0.00000,0.00000,0.00000,0.00000,0.00000,0.00000,1.90610,0.00000,0.54001,0.13346,-0.84514
0.61565,0.00000,1.98626,0.00000,1.11063,0.00000,-0.33381,-1.24261,0.00000,0.00000,1.53932,0.00000,0.00000,0.42640,-0.41293,-1.27802,0.00000,-0.29217,1.75695,0.00000,0.00000,0.70933,0.00000,0.00000,0.00000,1.83626
